network,siteID,siteName,status,startDate_x,stopDate,county,state,Latitude,Longitude,elevation,stateName,siteClass,seas,yr,Criteria1,Criteria2,Criteria3,Ca,Mg,K,Na,NH4,NO3,Cl,SO4,H,Conduc,svol,ppt,fullChemLab,daysSample,startDate_y,lastDate,Latitude,Longitude,CO,NO,NO2,O3,SO2,PM2.5,PM10,NH3
NTN,AK01,Poker Creek,A,12/29/92,,Fairbanks North Star,AK,65.155,-147.491,230.0,Alaska,I,Annual,2022.0,88.0,98.0,93.0,1.3944,0.32904,0.2557,0.957,2.93832,2.50015,1.15661,2.60375,5.984,3.488,17184.5,32.619,29.0,371.0,Dec 28 2021 10:50PM,Jan  3 2023 11:00PM,65.155,-147.491,226.97,0.48,1.27,94.41,0.7,0.5,0.53,0.03
NTN,AK02,Juneau,A,6/22/04,,Juneau,AK,58.5139,-134.7843,25.0,Alaska,I,Annual,2022.0,92.0,99.0,96.0,0.996,0.90486,0.20456,4.872,0.49896,1.37105,5.67021,2.22881,4.656,3.124,140951.0,246.034,46.0,371.0,Dec 28 2021 11:19PM,Jan  3 2023  8:42PM,58.5139,-134.7843,216.96,0.21,0.56,88.69,0.17,0.5,0.52,0.73
NTN,AK96,Toolik Field Station,A,10/12/17,,North Slope Borough,AK,68.6257,-149.6069,730.0,Alaska, ,Annual,2022.0,92.0,99.0,93.0,4.8306,0.74034,0.38355,1.5225,2.71656,3.8712,1.72081,2.87454,5.689,3.668,13546.8,31.318,35.0,371.0,Dec 28 2021  8:45PM,Jan  3 2023  6:40PM,68.6257,-149.6069,226.97,0.03,0.07,95.84,0.01,0.5,0.51,0.01
NTN,AK97,Katmai National Park - King Salmon,A,11/2/09,,Bristol Bay,AK,58.6794,-156.6664,50.0,Alaska,I,Annual,2022.0,82.0,99.0,83.0,1.6434,2.22102,0.46026,10.353,1.21968,1.90334,13.23049,5.43663,7.211,5.246,47153.99,87.417,42.0,372.0,Dec 28 2021  7:30PM,Jan  4 2023  7:54PM,58.6794,-156.6664,233.65,0.03,0.12,103.0,0.18,0.5,0.63,0.01
NTN,AL10,Black Belt Research & Extension Center,A,8/31/83,,Dallas,AL,32.4583,-87.2422,58.0,Alabama,I,Annual,2022.0,87.0,100.0,89.0,3.8844,2.22102,0.89495,8.4825,10.36728,6.51652,9.5914,8.62362,5.495,5.877,92996.8,153.01,37.0,371.0,Dec 28 2021  3:00PM,Jan  3 2023  3:45PM,32.4583,-87.2422,216.96,0.02,1.63,91.55,0.92,5.52,9.63,0.88
NTN,AL99,Sand Mountain Research & Extension Center,A,10/2/84,,DeKalb,AL,34.2886,-85.9699,349.0,Alabama,R,Annual,2022.0,86.0,99.0,91.0,3.8346,1.56294,1.48306,4.263,14.85792,6.51652,4.42897,7.35299,3.357,4.953,102217.6,163.933,39.0,371.0,Dec 28 2021  2:49PM,Jan  3 2023  2:37PM,34.2886,-85.9699,230.31,0.02,3.6,70.81,0.67,7.48,15.39,13.93
NTN,AR02,Warren 2WSW,A,5/25/82,,Bradley,AR,33.605,-92.0972,76.0,Arkansas,R,Annual,2022.0,89.0,100.0,93.0,8.1672,2.30328,0.66482,8.004,10.31184,9.30701,8.60405,12.47717,6.531,6.811,91256.8,157.203,37.0,371.0,Dec 28 2021  2:20PM,Jan  3 2023  3:30PM,33.605,-92.0972,210.29,0.0,1.23,71.53,0.39,3.53,7.39,2.22
NTN,AR03,Caddo Valley,A,12/30/83,,Clark,AR,34.1795,-93.0992,71.0,Arkansas,R,Annual,2022.0,77.0,100.0,91.0,9.96,2.8791,2.17345,7.0905,10.8108,9.59735,7.47565,13.56033,5.333,6.852,87344.2,139.548,29.0,371.0,Dec 28 2021  2:00PM,Jan  3 2023  2:30PM,34.1795,-93.0992,208.62,0.01,1.93,71.53,1.13,4.96,10.42,0.77
NTN,AR16,Buffalo National River-Buffalo Point,A,7/13/82,,Marion,AR,36.0842,-92.5868,311.0,Arkansas,I,Annual,2022.0,77.0,98.0,85.0,9.0636,1.56294,1.32964,2.8275,12.474,7.98435,2.821,8.29034,3.162,4.981,70891.3,126.547,29.0,371.0,Dec 28 2021  6:00PM,Jan  3 2023  4:30PM,36.0842,-92.5868,206.95,0.0,0.75,86.55,0.28,4.42,9.96,0.86
NTN,AR27,Fayetteville,A,5/13/80,,Washington,AR,36.1011,-94.1737,381.0,Arkansas,S,Annual,2022.0,90.0,100.0,97.0,14.94,1.97424,1.07394,4.437,19.45944,9.62961,4.28792,10.12338,2.239,6.219,82589.0,128.651,38.0,371.0,Dec 28 2021  5:15PM,Jan  3 2023  3:00PM,36.1011,-94.1737,203.61,0.02,2.1,77.96,0.54,3.98,10.08,4.5
NTN,AZ03,Grand Canyon National Park-Hopi Point,A,8/11/81,,Coconino,AZ,36.0586,-112.184,2071.0,Arizona,I,Annual,2022.0,87.0,99.0,93.0,12.6492,3.94848,0.43469,1.653,15.63408,12.08137,2.03112,4.52011,2.208,5.237,17881.5,31.877,21.0,365.0,Jan  4 2022 10:45PM,Jan  4 2023  9:00PM,36.0586,-112.184,176.91,0.01,0.08,108.72,0.04,0.6,3.28,0.67
NTN,AZ06,Organ Pipe Cactus National Monument,A,4/15/80,,Pima,AZ,31.9492,-112.802,501.0,Arizona,I,Annual,2022.0,87.0,90.0,98.0,63.9432,10.2825,2.17345,34.887,23.45112,18.2269,38.50665,14.62266,1.954,7.323,16401.8,25.848,16.0,371.0,Dec 28 2021  2:28PM,Jan  3 2023  5:18PM,31.9492,-112.802,208.62,0.06,0.39,108.72,0.06,1.44,7.06,0.42
NTN,AZ97,Petrified Forest National Park-Rainbow Forest,A,12/3/02,,Apache,AZ,34.8224,-109.8925,1707.0,Arizona,I,Annual,2022.0,88.0,98.0,95.0,19.8204,2.30328,0.58811,1.9575,17.1864,12.00072,2.08754,6.20734,1.991,6.115,17862.8,32.45,27.0,371.0,Dec 28 2021  5:16PM,Jan  3 2023  6:35PM,34.8224,-109.8925,183.58,0.09,0.58,120.16,0.75,2.57,17.51,0.33
NTN,AZ98,Chiricahua,A,2/23/99,,Cochise,AZ,32.0097,-109.3889,1570.0,Arizona,I,Annual,2022.0,87.0,98.0,76.0,8.5656,0.98712,0.58811,1.74,20.5128,13.25886,1.9747,5.95738,2.056,5.156,37570.0,72.728,26.0,366.0,Jan  3 2022  7:50PM,Jan  4 2023  7:20PM,32.0097,-109.3889,191.93,0.04,0.25,125.89,0.15,1.25,4.53,0.5
NTN,AZ99,Oliver Knoll,A,8/25/81,,Graham,AZ,33.0708,-109.866,1176.0,Arizona,I,Annual,2022.0,92.0,99.0,98.0,7.719,1.39842,0.53697,3.045,18.40608,13.48468,3.46983,8.16536,4.529,6.076,27179.5,40.14,20.0,371.0,Dec 28 2021  4:30PM,Jan  3 2023  4:32PM,33.0708,-109.866,193.6,0.03,0.26,125.89,0.11,1.87,6.1,0.52
NTN,CA42,Tanbark Flat,A,1/12/82,,Los Angeles,CA,34.2071,-117.7618,853.0,California,S,Annual,2022.0,88.0,98.0,95.0,1.5936,1.06938,0.23013,5.0895,6.98544,4.91965,4.76749,2.66624,3.296,3.482,32535.1,54.97,13.0,371.0,Dec 28 2021  9:00PM,Jan  3 2023  9:30PM,34.2071,-117.7618,211.95,0.27,1.63,120.16,0.15,2.7,8.92,0.53
NTN,CA45,Hopland,A,10/3/79,,Mendocino,CA,39.0045,-123.086,253.0,California,I,Annual,2022.0,88.0,99.0,80.0,1.494,2.30328,0.5114,10.7445,1.60776,1.98399,12.94839,2.66624,3.707,3.854,27165.3,49.987,17.0,371.0,Dec 28 2021  5:44PM,Jan  3 2023 10:37PM,39.0045,-123.086,208.62,0.12,0.54,77.96,0.2,1.42,3.29,0.35
NTN,CA66,Pinnacles National Park-Bear Valley,A,11/2/99,,San Benito,CA,36.4834,-121.157,317.0,California,I,Annual,2022.0,96.0,99.0,97.0,1.8924,1.31616,0.33241,6.09,2.82744,1.7743,6.93966,2.12466,2.57,2.929,17940.6,29.235,17.0,371.0,Dec 28 2021  4:05PM,Jan  3 2023  6:35PM,36.4834,-121.157,233.65,0.2,1.44,103.0,0.43,4.23,4.85,0.78
NTN,CA67,Joshua Tree National Park-Black Rock,A,9/19/00,,San Bernardino,CA,34.0695,-116.3889,1239.0,California,R,Annual,2022.0,87.0,98.0,81.0,15.9858,3.78396,0.69039,10.5705,27.11016,15.9687,11.81999,7.64461,0.968,7.878,8945.9,16.486,11.0,371.0,Dec 28 2021  7:56PM,Jan  3 2023  8:51PM,34.0695,-116.3889,200.27,0.08,0.51,137.33,0.09,1.34,4.79,0.52
NTN,CA76,Montague,A,6/25/85,,Siskiyou,CA,41.7662,-122.4798,799.0,California,R,Annual,2022.0,84.0,98.0,82.0,2.739,0.90486,0.7671,1.044,8.53776,4.27445,1.29766,1.83304,2.094,2.708,12243.1,24.105,23.0,371.0,Dec 28 2021 11:45PM,Jan  3 2023 10:20PM,41.7662,-122.4798,198.6,0.1,0.53,98.71,0.05,0.75,1.25,0.43
NTN,CA94,Converse Flats,A,5/9/06,,San Bernardino,CA,34.1938,-116.9131,1724.0,California,R,Annual,2022.0,84.0,99.0,86.0,5.0298,1.97424,0.40912,6.699,15.246,9.27475,7.47565,4.31181,2.535,5.024,23740.9,48.347,15.0,371.0,Dec 28 2021  7:22PM,Jan  3 2023  6:38PM,34.1938,-116.9131,230.31,0.82,3.43,104.43,0.55,10.33,13.85,1.11
NTN,CO00,Alamosa,A,4/22/80,,Alamosa,CO,37.4421,-105.868,2285.0,Colorado,R,Annual,2022.0,86.0,100.0,92.0,12.0516,1.56294,0.99723,2.8275,23.61744,11.87168,1.80544,5.91572,0.805,5.548,14829.4,26.375,27.0,371.0,Dec 28 2021  4:15PM,Jan  3 2023 11:00PM,37.4421,-105.868,175.24,0.02,0.23,171.66,0.45,1.15,3.52,0.45
NTN,CO01,Las Animas Fish Hatchery,A,10/4/83,,Bent,CO,38.1177,-103.316,1226.0,Colorado,I,Annual,2022.0,85.0,96.0,90.0,29.5812,3.2904,2.0456,3.4365,44.352,18.09786,3.27236,9.08188,0.452,10.078,18839.1,34.177,28.0,371.0,Dec 28 2021  7:30PM,Jan  3 2023  8:30PM,38.1177,-103.316,190.26,0.04,0.38,110.15,0.14,7.3,48.95,0.69
NTN,CO02,Niwot Saddle,A,6/5/84,,Boulder,CO,40.0547,-105.5891,3520.0,Colorado,I,Annual,2022.0,84.0,98.0,84.0,9.7608,1.6452,0.53697,1.0875,11.53152,7.88757,1.18482,3.81189,2.477,4.208,29490.2,57.069,37.0,364.0,Jan  4 2022  6:30PM,Jan  3 2023  7:15PM,40.0547,-105.5891,185.25,0.18,2.06,78.68,0.28,4.77,8.9,0.87
NTN,CO08,Four Mile Park,A,12/29/87,,Garfield,CO,39.4025,-107.3454,2502.0,Colorado,R,Annual,2022.0,82.0,99.0,84.0,12.4998,1.80972,0.63925,1.5225,8.8704,6.11327,1.18482,3.5411,2.46,4.203,30880.8,72.544,34.0,372.0,Dec 28 2021  5:00PM,Jan  4 2023  1:05AM,39.4025,-107.3454,171.9,0.03,0.4,120.16,0.07,0.75,1.92,0.46
NTN,CO09,Kawuneechee Meadow,A,7/10/12,,Grand,CO,40.2603,-105.8292,2633.0,Colorado,I,,,,,,,,,,,,,,,,,,,,,,40.2603,-105.8292,181.91,0.08,1.67,95.84,1.59,6.46,10.31,0.81
NTN,CO10,Gothic,A,2/2/99,,Gunnison,CO,38.9561,-106.986,2915.0,Colorado,I,Annual,2022.0,88.0,99.0,93.0,15.3882,2.30328,0.63925,2.697,6.6528,5.95197,1.83365,4.04102,4.027,5.0,25344.0,74.297,36.0,371.0,Dec 28 2021  9:08PM,Jan  3 2023 10:40PM,38.9561,-106.986,156.88,0.01,0.16,128.75,0.09,0.82,1.5,0.44
NTN,CO19,Rocky Mountain National Park-Beaver Meadows,A,5/29/80,,Larimer,CO,40.3639,-105.581,2477.0,Colorado,R,Annual,2022.0,85.0,99.0,89.0,13.5456,1.97424,0.61368,2.8275,19.07136,10.19416,1.77723,5.02003,1.384,5.313,22245.7,58.044,37.0,371.0,Dec 28 2021  5:30PM,Jan  3 2023  3:50PM,40.3639,-105.581,178.58,0.03,0.47,98.71,0.46,4.76,10.27,0.63
NTN,CO81,Missile Site Park,A,12/8/20,,Weld,CO,40.4288,-104.8617,,Colorado, ,Annual,2022.0,77.0,94.0,92.0,38.4954,6.00498,2.53143,5.7855,66.02904,21.09804,5.10601,11.01907,0.34,14.35,14098.2,27.89,31.0,371.0,Dec 28 2021  4:02PM,Jan  3 2023  5:30PM,40.4288,-104.8617,198.6,0.07,1.15,111.58,0.92,1.76,3.63,1.08
NTN,CO91,Wolf Creek Pass,A,5/26/92,,Mineral,CO,37.4686,-106.787,3287.0,Colorado,I,Annual,2022.0,78.0,97.0,89.0,7.3206,1.06938,0.48583,1.0875,8.42688,8.24243,1.07198,5.06169,4.436,4.487,49695.7,99.768,29.0,366.0,Jan  3 2022 10:00PM,Jan  4 2023  6:39PM,37.4686,-106.787,156.88,0.02,0.21,134.47,0.51,1.01,3.46,0.25
NTN,CO94,Sugarloaf,A,11/4/86,,Boulder,CO,39.9939,-105.48,2524.0,Colorado,R,Annual,2022.0,87.0,99.0,91.0,11.8026,1.89198,0.56254,1.6965,21.67704,11.06518,1.66439,4.31181,1.545,5.445,27566.7,66.68,39.0,371.0,Dec 28 2021  4:00PM,Jan  3 2023 11:45PM,39.9939,-105.48,178.58,0.11,1.2,86.55,0.52,4.9,13.55,0.83
NTN,CO98,Rocky Mountain National Park-Loch Vale,A,8/16/83,,Larimer,CO,40.2878,-105.6628,3159.0,Colorado,I,Annual,2022.0,77.0,100.0,78.0,7.221,1.39842,0.48583,1.4355,8.75952,5.59711,1.26945,3.06201,2.46,3.542,30823.5,118.36,38.0,370.0,Dec 29 2021  6:56PM,Jan  3 2023  6:39PM,40.2878,-105.6628,180.24,0.1,1.71,87.98,1.03,6.88,10.68,1.09
NTN,CO99,Mesa Verde National Park-Chapin Mesa,A,4/28/81,,Montezuma,CO,37.1979,-108.491,2162.0,Colorado,I,Annual,2022.0,79.0,98.0,88.0,30.627,4.5243,0.69039,2.61,15.5232,14.80734,2.45427,7.12386,2.382,7.518,18960.5,37.922,24.0,364.0,Dec 28 2021  9:13PM,Dec 27 2022  9:10PM,37.1979,-108.491,175.24,0.01,0.21,117.3,0.09,0.64,2.53,0.33
NTN,CT15,Abington,A,1/26/99,,Windham,CT,41.84,-72.0101,209.0,Connecticut,R,Annual,2022.0,88.0,99.0,95.0,3.237,3.20814,0.69039,13.0065,9.31392,8.62955,14.58457,6.41564,5.861,6.61,73209.6,131.191,46.0,371.0,Dec 28 2021  4:28PM,Jan  3 2023  2:03PM,41.84,-72.0101,257.02,0.01,6.77,92.98,0.89,2.68,2.95,0.62
NTN,FL00,Austin-Cary Forest,A,10/10/78,,Alachua,FL,29.7603,-82.1989,46.0,Florida,R,Annual,2022.0,92.0,100.0,98.0,4.731,2.4678,0.5114,9.483,4.76784,8.32308,10.83264,8.60279,8.77,6.802,88318.9,132.537,39.0,357.0,Jan 11 2022  4:00PM,Jan  3 2023  6:20PM,29.7603,-82.1989,247.0,0.02,2.14,91.55,0.29,7.96,9.82,1.35
NTN,FL05,Chassahowitzka National Wildlife Refuge,A,8/27/96,3/26/24,Citrus,FL,28.7486,-82.5551,3.0,Florida,R,Annual,2022.0,78.0,99.0,85.0,6.5736,2.8791,0.63925,10.5705,5.2668,9.50057,12.29956,8.7486,7.447,6.803,73751.7,130.489,31.0,371.0,Dec 28 2021  5:03PM,Jan  3 2023  7:36PM,28.7486,-82.5551,260.35,0.03,3.9,104.43,0.67,10.29,17.15,0.65
NTN,FL11,Everglades National Park-Research Center,A,6/17/80,,Dade,FL,25.39,-80.68,2.0,Florida,I,Annual,2022.0,82.0,100.0,96.0,4.5816,3.78396,2.0456,15.4425,7.15176,6.96816,17.71588,8.45698,5.212,6.659,101213.3,161.405,39.0,371.0,Dec 28 2021  2:45PM,Jan  3 2023  2:45PM,25.39,-80.68,206.95,0.01,1.33,115.87,0.64,3.11,9.92,0.23
NTN,FL41,Verna Well Field,A,8/25/83,,Sarasota,FL,27.3801,-82.2831,25.0,Florida,R,Annual,2022.0,83.0,99.0,94.0,8.3664,4.60656,0.81824,13.137,6.20928,8.53277,15.12056,8.08204,5.534,6.725,92461.9,153.06,35.0,371.0,Dec 28 2021 11:50AM,Jan  3 2023 11:50AM,27.3801,-82.2831,277.04,0.04,5.57,121.59,1.15,11.09,15.93,1.11
NTN,GA09,Okefenokee National Wildlife Refuge,A,6/3/97,,Charlton,GA,30.7404,-82.1283,45.0,Georgia,I,Annual,2022.0,98.0,98.0,100.0,5.229,2.71458,0.71596,9.831,5.544,7.77466,11.284,8.60279,7.727,6.544,73470.2,107.696,41.0,371.0,Dec 28 2021  2:16PM,Jan  3 2023  3:04PM,30.7404,-82.1283,193.6,0.0,0.34,47.21,0.08,4.23,5.6,0.28
NTN,GA41,Georgia Station,A,10/3/78,,Pike,GA,33.1805,-84.4103,267.0,Georgia,R,Annual,2022.0,79.0,92.0,95.0,3.5856,1.56294,1.09951,4.959,12.69576,6.7746,5.52916,7.24884,5.14,5.49,79555.6,128.283,34.0,371.0,Dec 28 2021  2:00PM,Jan  3 2023  3:45PM,33.1805,-84.4103,216.96,0.02,3.13,77.96,0.11,4.14,7.09,0.64
NTN,GA99,Chula,A,2/10/94,,Tift,GA,31.5217,-83.5482,108.0,Georgia,R,Annual,2022.0,86.0,99.0,89.0,3.3366,1.72746,0.46026,6.7425,8.64864,7.4198,7.56028,6.6656,5.715,5.39,67080.8,114.426,34.0,371.0,Dec 28 2021  1:45PM,Jan  3 2023  1:50PM,31.5217,-83.5482,236.99,0.05,3.98,79.39,0.16,4.6,7.49,2.91
NTN,IA08,Big Springs Fish Hatchery,A,8/14/84,,Clayton,IA,42.9097,-91.47,229.0,Iowa,I,Annual,2022.0,82.0,98.0,95.0,24.153,4.113,0.66482,1.9575,38.64168,13.80728,1.80544,9.39433,0.531,8.857,54442.0,86.041,34.0,371.0,Dec 28 2021 12:00PM,Jan  3 2023 10:00PM,42.9097,-91.47,220.3,0.09,1.71,92.98,0.1,1.74,1.97,3.07
NTN,IA23,McNay Research Center,A,9/11/84,,Lucas,IA,40.9631,-93.3925,320.0,Iowa,R,Annual,2022.0,76.0,99.0,86.0,30.5772,3.86622,0.92052,2.697,33.76296,13.12982,2.51069,10.33168,0.597,8.985,43322.3,79.4,31.0,368.0,Dec 28 2021  2:05PM,Dec 31 2022  2:10PM,40.9631,-93.3925,216.96,0.02,1.27,113.01,0.81,3.87,4.15,2.38
NTN,ID03,Craters of the Moon National Monument,A,8/22/80,,Butte,ID,43.4605,-113.5551,1807.0,Idaho,I,Annual,2022.0,84.0,96.0,81.0,24.4518,32.32818,2.14788,8.7435,11.25432,7.82305,42.06111,5.29082,1.871,4.544,6493.1,23.616,21.0,371.0,Dec 28 2021  4:50PM,Jan  3 2023  5:10PM,43.4605,-113.5551,185.25,0.07,0.5,75.82,0.01,0.57,1.11,2.28
NTN,IL11,Bondville,A,2/27/79,,Champaign,IL,40.0528,-88.3719,212.0,Illinois,S,Annual,2022.0,81.0,100.0,91.0,10.5576,1.89198,0.48583,2.523,22.50864,12.06524,2.51069,10.76911,3.155,6.381,45367.4,75.296,33.0,371.0,Dec 28 2021  3:15PM,Jan  3 2023  3:15PM,40.0528,-88.3719,263.69,0.2,6.34,114.44,2.89,8.24,8.89,3.01
NTN,IL78,Monmouth,A,1/8/85,,Warren,IL,40.9153,-90.627,229.0,Illinois, ,Annual,2022.0,83.0,99.0,84.0,24.1032,3.78396,0.69039,2.436,33.76296,14.43635,2.36964,10.70662,1.151,8.606,36813.1,72.895,38.0,371.0,Dec 28 2021  7:00PM,Jan  3 2023  5:30PM,40.9153,-90.627,230.31,0.05,2.83,115.87,0.72,4.97,5.43,2.63
NTN,IN20,Roush Lake,A,8/22/83,,Huntington,IN,40.8401,-85.4639,244.0,Indiana,R,Annual,2022.0,82.0,100.0,89.0,12.201,2.4678,0.66482,2.1315,27.55368,13.53307,2.20038,9.22769,1.596,6.54,50057.7,84.099,39.0,365.0,Jan  3 2022  9:45PM,Jan  3 2023  9:30PM,40.8401,-85.4639,243.66,0.12,3.98,91.55,0.19,4.39,5.47,5.07
NTN,IN22,Southwest Purdue Agriculture Center,A,9/25/84,,Knox,IN,38.7408,-87.4855,134.0,Indiana,R,Annual,2022.0,86.0,100.0,92.0,9.8106,1.80972,0.48583,2.8275,19.18224,9.69413,2.84921,10.18587,3.055,5.844,77829.1,126.441,40.0,364.0,Jan  4 2022  2:32PM,Jan  3 2023  2:08PM,38.7408,-87.4855,243.66,0.01,1.65,117.3,4.29,14.8,16.88,2.12
NTN,IN34,Indiana Dunes National Lakeshore,A,7/15/80,,Porter,IN,41.6318,-87.0881,208.0,Indiana,S,Annual,2022.0,88.0,100.0,97.0,23.5056,5.3469,1.07394,3.654,30.32568,14.24279,3.63909,15.06009,1.148,8.571,59275.2,97.282,43.0,371.0,Dec 28 2021  1:24PM,Jan  3 2023  2:17PM,41.6318,-87.0881,260.35,0.16,4.71,101.57,1.48,9.0,10.09,0.11
NTN,IN41,Agronomy Center for Research and Extension,A,7/13/82,,Tippecanoe,IN,40.4749,-86.9924,215.0,Indiana,S,Annual,2022.0,84.0,99.0,93.0,13.4958,4.44204,0.84381,2.262,27.11016,11.95233,2.22859,9.49848,1.795,6.878,38797.4,81.395,36.0,371.0,Dec 28 2021  3:45PM,Jan  3 2023  3:45PM,40.4749,-86.9924,240.33,0.12,3.81,104.43,1.37,5.35,5.98,4.24
NTN,KS07,Farlington Fish Hatchery,A,3/27/84,,Crawford,KS,37.6511,-94.8036,281.0,Kansas,I,Annual,2022.0,86.0,100.0,92.0,22.7586,2.4678,0.94609,3.4365,23.17392,13.33951,3.35699,11.10239,1.611,7.391,53774.1,87.935,36.0,371.0,Dec 28 2021  1:50PM,Jan  3 2023 12:05PM,37.6511,-94.8036,210.29,0.01,1.21,79.39,0.39,3.62,5.54,2.57
NTN,KS31,Konza Prairie,A,8/17/82,,Riley,KS,39.1022,-96.6092,350.0,Kansas,R,Annual,2022.0,77.0,99.0,92.0,35.5572,3.45492,0.79267,2.61,32.87592,15.33963,2.45427,10.95658,0.413,9.166,49444.7,83.341,27.0,371.0,Dec 28 2021  4:08PM,Jan  3 2023  4:20PM,39.1022,-96.6092,223.64,0.02,2.38,83.69,0.53,6.32,8.76,1.62
NTN,KY03,Mackville,A,11/29/83,,Washington,KY,37.7047,-85.0489,293.0,Kentucky,R,Annual,2022.0,84.0,99.0,96.0,7.5198,1.56294,0.74153,3.4365,16.74288,10.22642,3.52625,9.29018,5.929,8.06,75768.6,120.598,39.0,371.0,Dec 28 2021  9:00PM,Jan  3 2023  1:00PM,37.7047,-85.0489,226.97,0.03,4.63,52.93,0.63,7.08,8.85,1.36
NTN,KY10,Mammoth Cave National Park-Houchin Meadow,A,8/27/02,,Edmonson,KY,37.1317,-86.148,236.0,Kentucky,R,Annual,2022.0,76.0,99.0,82.0,7.5696,1.48068,0.53697,3.219,14.35896,9.04893,3.21594,8.70694,3.532,5.173,74194.3,138.862,32.0,371.0,Dec 28 2021  8:15PM,Jan  3 2023  9:45PM,37.1317,-86.148,233.65,0.04,6.17,34.69,0.71,7.48,10.49,1.93
NTN,KY19,Cannons Lane,A,10/7/03,,Jefferson,KY,38.2288,-85.6545,177.0,Kentucky,U,Annual,2022.0,77.0,100.0,91.0,9.3126,1.89198,0.43469,3.045,17.35272,9.41992,3.24415,8.68611,3.273,5.579,69912.2,109.906,36.0,371.0,Dec 28 2021  3:00PM,Jan  3 2023  3:00PM,38.2288,-85.6545,280.38,0.05,10.97,68.67,2.59,10.4,13.19,1.38
NTN,KY22,Lilley Cornett Woods,A,9/6/83,,Letcher,KY,37.0778,-82.9936,335.0,Kentucky,R,Annual,2022.0,82.0,99.0,89.0,4.731,0.90486,0.53697,1.74,8.09424,7.87144,1.80544,5.93655,5.702,4.784,65905.9,121.056,40.0,371.0,Dec 28 2021  1:00PM,Jan  3 2023 12:58PM,37.0778,-82.9936,220.3,0.02,2.55,67.23,0.29,5.15,7.95,0.63
NTN,LA12,Iberia Research Station,A,11/16/82,,Iberia,LA,29.931,-91.7165,6.0,Louisiana,R,Annual,2022.0,92.0,100.0,99.0,5.9262,3.45492,0.69039,13.572,8.81496,9.27475,16.72853,11.39401,9.036,8.335,87245.8,131.928,43.0,371.0,Dec 28 2021  2:45PM,Jan  3 2023  1:35PM,29.931,-91.7165,216.96,0.02,0.91,103.0,0.38,8.89,21.31,0.38
NTN,LA30,Southeast Research Station,A,1/18/83,,Washington,LA,30.7819,-90.2021,77.0,Louisiana,R,Annual,2022.0,81.0,100.0,96.0,5.478,2.8791,0.92052,10.8315,7.26264,8.17791,12.58166,10.58164,7.396,6.984,114816.6,175.081,37.0,371.0,Dec 28 2021  3:00PM,Jan  3 2023  3:00PM,30.7819,-90.2021,216.96,0.02,1.86,114.44,0.89,6.59,15.22,0.66
NTN,MA01,North Atlantic Coastal Lab,A,12/15/81,,Barnstable,MA,41.9759,-70.0241,57.0,Massachusetts,R,Annual,2022.0,84.0,99.0,86.0,3.9342,10.6938,1.20179,46.9365,5.48856,5.67776,56.27895,9.20686,5.117,11.143,63343.4,112.928,42.0,371.0,Dec 28 2021  2:19PM,Jan  3 2023  2:40PM,41.9759,-70.0241,357.15,0.0,7.37,107.29,0.94,22.69,24.74,0.14
NTN,MA08,Quabbin Reservoir,A,3/5/82,,Franklin,MA,42.3925,-72.3444,306.0,Massachusetts,R,Annual,2022.0,84.0,99.0,91.0,3.0876,1.48068,0.7671,4.785,7.92792,8.98441,5.47274,4.62426,6.383,5.301,73254.1,125.806,45.0,371.0,Dec 28 2021  3:30PM,Jan  3 2023  1:30PM,42.3925,-72.3444,243.66,0.01,5.57,84.4,0.19,1.88,2.27,0.63
NTN,MA14,Nantucket,A,3/4/14,,Nantucket,MA,41.2897,-70.1751,16.0,Massachusetts,R,Annual,2022.0,92.0,100.0,98.0,4.8306,15.71166,1.58534,70.47,4.9896,5.08095,83.44518,11.4565,4.519,14.308,80344.7,119.026,45.0,371.0,Dec 28 2021  8:15PM,Jan  3 2023  8:00PM,41.2897,-70.1751,433.92,0.0,2.79,217.44,1.83,70.33,75.55,0.09
NTN,MA22,Boston University,A,6/16/15,,Suffolk,MA,42.3501,-71.1044,32.0,Massachusetts,U,Annual,2022.0,92.0,99.0,96.0,8.6652,7.65018,0.92052,50.3295,14.02632,9.90382,56.92778,9.08188,2.449,11.604,51378.1,86.309,47.0,365.0,Dec 28 2021  5:15PM,Dec 28 2022  3:40PM,42.3501,-71.1044,273.71,0.01,12.17,85.12,0.75,2.1,3.28,0.83
NTN,MA98,Arnold Arboretum,A,2/9/16,,Suffolk,MA,42.2953,-71.134,48.0,Massachusetts,U,Annual,2022.0,94.0,99.0,99.0,3.984,6.08724,0.84381,28.6665,9.59112,8.41986,33.5699,7.51963,4.831,8.666,62849.1,96.799,46.0,371.0,Dec 28 2021  4:41PM,Jan  3 2023  4:54PM,42.2953,-71.134,273.71,0.01,12.17,85.12,0.75,2.1,3.28,0.83
NTN,MD08,Piney Reservoir,A,6/29/04,,Garrett,MD,39.7053,-79.0122,769.0,Maryland,R,Annual,2022.0,90.0,99.0,95.0,3.5358,0.65808,0.33241,1.1745,8.20512,6.59717,1.32587,5.76991,5.483,4.391,67665.8,125.806,47.0,371.0,Dec 28 2021  6:55PM,Jan  3 2023  5:31PM,39.7053,-79.0122,230.31,0.02,4.11,90.12,3.67,8.88,9.64,1.2
NTN,MD15,Smith Island,A,6/1/04,,Somerset,MD,37.9925,-76.0345,2.0,Maryland,I,Annual,2022.0,94.0,100.0,98.0,4.8804,7.56792,1.07394,31.842,10.8108,7.7424,38.02708,8.66528,4.467,9.277,65987.6,101.549,44.0,364.0,Jan  4 2022 11:00AM,Jan  3 2023  2:00PM,37.9925,-76.0345,260.35,0.0,2.53,117.3,2.03,7.86,9.65,1.0
NTN,MD99,Beltsville,A,6/1/04,,Prince Georges,MD,39.028,-76.8171,46.0,Maryland,U,Annual,2022.0,82.0,97.0,93.0,3.8844,1.72746,1.35521,4.6545,15.91128,8.98441,5.21885,6.29066,3.963,5.458,80395.4,129.36,41.0,372.0,Dec 27 2021  2:58PM,Jan  3 2023  3:26PM,39.028,-76.8171,323.77,0.05,22.28,59.37,2.86,7.25,9.35,1.98
NTN,ME00,Caribou,A,4/14/80,,Aroostook,ME,46.8675,-68.0134,191.0,Maine,R,Annual,2022.0,88.0,99.0,91.0,3.6354,0.74034,0.35798,2.5665,6.0984,5.54872,2.67995,3.62442,4.467,3.799,61954.0,116.315,45.0,371.0,Dec 28 2021  1:20PM,Jan  3 2023  4:05PM,46.8675,-68.0134,223.64,0.0,2.55,59.37,0.03,0.5,0.65,0.21
NTN,ME04,Carrabassett Valley,A,3/12/02,,Franklin,ME,45.0803,-70.2118,259.0,Maine,I,Annual,2022.0,83.0,99.0,88.0,2.1912,0.90486,1.25293,3.1755,5.10048,4.06476,3.3852,3.22865,3.855,3.405,60825.9,110.513,41.0,370.0,Dec 29 2021  4:50PM,Jan  3 2023  4:33PM,45.0803,-70.2118,230.31,0.0,1.29,94.41,0.3,0.67,0.78,0.43
NTN,ME08,Gilead,A,9/28/99,,Oxford,ME,44.4003,-71.0098,212.0,Maine,I,Annual,2022.0,77.0,99.0,78.0,2.7888,0.8226,0.86938,3.0885,5.32224,5.46807,3.46983,3.5411,4.742,3.91,61900.7,123.06,39.0,371.0,Dec 28 2021  9:15PM,Jan  3 2023  9:00PM,44.4003,-71.0098,223.64,0.0,1.71,85.83,0.06,0.5,0.57,0.29
NTN,ME09,Greenville Station,A,11/20/79,,Piscataquis,ME,45.4891,-69.6647,322.0,Maine,R,Annual,2022.0,94.0,99.0,98.0,2.2908,0.65808,0.2557,2.4795,5.2668,4.70996,2.76458,3.7494,4.977,3.635,86991.4,137.302,48.0,364.0,Jan  4 2022  4:40PM,Jan  3 2023  3:50PM,45.4891,-69.6647,220.3,0.0,1.41,90.84,0.16,0.57,0.62,0.27
NTN,ME94,Indian Township,A,10/3/13,,Washington,ME,45.2436,-67.6308,101.0,Maine,I,Annual,2022.0,86.0,94.0,94.0,7.5198,4.77108,0.40912,10.353,6.76368,4.46801,9.5914,4.56177,3.784,5.255,68825.6,124.104,44.0,365.0,Jan  4 2022  2:00PM,Jan  4 2023  2:08PM,45.2436,-67.6308,220.3,0.0,1.2,90.12,0.08,0.5,0.54,0.1
NTN,ME96,Casco Bay-Wolfe's Neck Farm,A,1/6/98,,Cumberland,ME,43.8325,-70.0645,15.0,Maine,R,Annual,2022.0,86.0,99.0,75.0,3.6354,3.37266,0.53697,14.007,7.53984,7.27463,16.75674,6.12402,5.848,6.436,45292.9,107.714,43.0,371.0,Dec 28 2021  3:18PM,Jan  3 2023  3:31PM,43.8325,-70.0645,236.99,0.0,2.91,94.41,0.03,0.5,0.64,0.32
NTN,ME98,Acadia National Park-McFarland Hill,A,11/10/81,,Hancock,ME,44.3772,-68.2608,150.0,Maine,R,Annual,2022.0,82.0,99.0,82.0,3.0378,5.18238,0.71596,22.881,5.2668,5.1616,27.05339,6.47813,5.236,7.247,78449.0,149.074,39.0,371.0,Dec 28 2021  2:11PM,Jan  3 2023  1:59PM,44.3772,-68.2608,263.69,0.0,5.06,91.55,0.86,2.17,2.28,0.11
NTN,MI09,Douglas Lake,A,7/3/79,,Cheboygan,MI,45.5608,-84.6783,238.0,Michigan,R,Annual,2022.0,90.0,99.0,89.0,9.1134,1.97424,0.40912,1.74,19.9584,11.58134,1.74902,7.0822,2.786,5.493,51083.9,102.159,43.0,371.0,Dec 28 2021  3:30PM,Jan  3 2023  2:31PM,45.5608,-84.6783,216.96,0.05,1.52,90.84,0.37,0.5,0.51,0.12
NTN,MI26,Kellogg Biological Station,A,6/26/79,,Kalamazoo,MI,42.4103,-85.3928,288.0,Michigan,R,Annual,2022.0,90.0,100.0,98.0,11.3544,2.4678,0.66482,2.2185,30.71376,12.72657,2.2568,9.04022,1.374,6.76,49495.3,94.031,45.0,371.0,Dec 28 2021  2:00PM,Jan  3 2023  2:00PM,42.4103,-85.3928,233.65,0.14,4.88,101.57,4.23,3.63,4.6,2.72
NTN,MI48,Seney National Wildlife Refuge-Headquarters,A,11/28/00,,Schoolcraft,MI,46.2889,-85.9504,220.0,Michigan,I,Annual,2022.0,88.0,99.0,90.0,9.7608,2.38554,2.27573,1.4355,21.01176,10.27481,1.46692,6.79058,2.618,5.878,41508.9,88.503,44.0,371.0,Dec 28 2021  3:15PM,Jan  3 2023  3:35PM,46.2889,-85.9504,220.3,0.03,0.79,92.98,0.18,0.5,0.51,0.04
NTN,MI51,Unionville,A,1/26/99,,Tuscola,MI,43.6135,-83.3599,201.0,Michigan,R,Annual,2022.0,80.0,99.0,81.0,14.3922,3.78396,0.61368,1.9575,34.59456,13.69437,2.14396,9.56097,1.365,7.507,34736.8,76.276,36.0,371.0,Dec 28 2021  2:43PM,Jan  3 2023  2:14PM,43.6135,-83.3599,240.33,0.02,3.17,98.71,0.53,2.44,2.63,1.73
NTN,MI53,Wellston,A,10/10/78,,Wexford,MI,44.2242,-85.8186,292.0,Michigan,I,Annual,2022.0,88.0,100.0,96.0,10.8564,2.63232,0.46026,2.3055,24.44904,12.72657,2.34143,8.1237,2.344,6.381,55823.1,94.467,44.0,371.0,Dec 28 2021  1:31PM,Jan  3 2023  1:36PM,44.2242,-85.8186,220.3,0.04,1.14,87.26,0.28,1.21,1.28,0.33
NTN,MI94,Riverside,A,11/16/21,,Chippewa,MI,46.464,-84.303,307.0,Michigan, ,Annual,2022.0,96.0,98.0,100.0,14.7906,3.78396,0.56254,2.2185,22.06512,12.17815,2.39785,10.31085,1.222,6.192,58560.2,88.112,49.0,371.0,Dec 28 2021  2:00PM,Jan  3 2023  6:43PM,46.464,-84.303,226.97,0.29,7.2,82.97,2.38,0.98,1.02,0.02
NTN,MI99,Chassell,A,2/15/83,,Houghton,MI,47.1046,-88.5516,296.0,Michigan,R,Annual,2022.0,82.0,99.0,90.0,9.213,2.22102,0.97166,2.0445,22.00968,10.38772,2.5389,6.20734,2.624,5.901,55825.0,98.567,38.0,371.0,Dec 28 2021  9:00PM,Jan  3 2023  4:40PM,47.1046,-88.5516,233.65,0.36,4.46,72.96,0.48,1.48,1.55,0.09
NTN,MN01,Cedar Creek,A,12/31/96,,Anoka,MN,45.4017,-93.2031,280.0,Minnesota,R,Annual,2022.0,81.0,100.0,88.0,26.5932,4.77108,1.17622,3.915,48.01104,16.69455,3.30057,9.81093,0.532,10.43,48382.6,86.741,39.0,371.0,Dec 28 2021  3:30PM,Jan  3 2023  3:30PM,45.4017,-93.2031,220.3,0.1,1.67,91.55,0.19,0.67,0.86,1.05
NTN,MN08,Hovland,A,12/31/96,,Cook,MN,47.8471,-89.965,224.0,Minnesota,I,Annual,2022.0,84.0,99.0,85.0,11.205,2.13876,0.56254,1.044,26.8884,12.17815,1.18482,7.18635,1.563,6.072,50568.3,102.514,40.0,371.0,Dec 28 2021  5:15PM,Jan  3 2023  6:00PM,47.8471,-89.965,211.95,0.09,1.36,67.95,0.18,0.5,0.51,0.05
NTN,MN18,Fernberg,A,11/18/80,,Lake,MN,47.9464,-91.4961,524.0,Minnesota,I,Annual,2022.0,83.0,99.0,85.0,12.0516,2.22102,0.71596,1.305,24.1164,11.40391,1.43871,6.79058,1.671,5.907,41409.9,82.969,43.0,370.0,Dec 29 2021  5:00PM,Jan  3 2023  3:00PM,47.9464,-91.4961,205.28,0.03,0.34,60.8,0.12,0.5,0.51,0.04
NTN,MN32,Voyageurs National Park-Sullivan Bay,A,5/30/00,,St. Louis,MN,48.4132,-92.8305,421.0,Minnesota,I,Annual,2022.0,78.0,99.0,84.0,9.2628,2.22102,0.58811,1.131,20.56824,8.51664,1.15661,5.60327,1.466,4.895,43037.4,93.53,39.0,370.0,Dec 29 2021  8:30PM,Jan  3 2023 10:29PM,48.4132,-92.8305,230.31,0.09,1.32,90.12,1.62,0.88,1.1,0.11
NTN,MN99,Wolf Ridge,A,12/31/96,,Lake,MN,47.3841,-91.2067,361.0,Minnesota,I,Annual,2022.0,78.0,100.0,83.0,10.956,2.30328,0.5114,1.0875,26.11224,12.2588,1.15661,7.39465,2.415,6.316,54347.1,124.063,38.0,366.0,Dec 28 2021  4:15PM,Dec 29 2022  7:15PM,47.3841,-91.2067,206.95,0.31,4.37,57.22,0.34,0.94,0.97,0.26
NTN,MS12,Grand Bay NERR,A,3/9/10,,Jackson,MS,30.4294,-88.4277,2.0,Mississippi,R,Annual,2022.0,88.0,97.0,92.0,5.0298,5.10012,0.7671,21.315,5.76576,8.33921,24.90943,10.31085,8.75,8.719,84476.6,152.959,39.0,365.0,Jan  4 2022  2:40PM,Jan  4 2023  2:22PM,30.4294,-88.4277,223.64,0.04,1.65,103.0,0.87,9.32,18.47,0.3
NTN,MS30,Coffeeville,A,7/17/84,,Yalobusha,MS,34.0025,-89.7993,134.0,Mississippi,I,Annual,2022.0,90.0,99.0,92.0,7.221,2.13876,0.94609,6.6555,9.59112,9.32314,7.13713,11.39401,6.95,6.705,80507.9,130.686,39.0,371.0,Dec 28 2021  1:38PM,Jan  3 2023  2:32PM,34.0025,-89.7993,216.96,0.02,1.97,85.83,0.55,3.33,6.17,0.5
TN,MT05,Glacier National Park-Fire Weather Station,A,6/3/80,,Flathead,MT,48.5102,-113.997,964.0,Montana,I,Annual,2022.0,86.0,99.0,98.0,3.0876,0.65808,0.35798,0.87,5.59944,3.98411,0.78988,1.85387,3.258,2.765,53907.8,96.876,38.0,371.0,Dec 28 2021  6:21PM,Jan  3 2023  6:41PM,48.5102,-113.997,185.25,0.05,0.34,94.41,0.09,1.01,1.59,0.36
NTN,NC25,Coweeta,A,7/5/78,,Macon,NC,35.0605,-83.4305,686.0,North Carolina,R,Annual,2022.0,92.0,96.0,98.0,3.1374,0.98712,0.43469,3.0885,5.76576,5.40355,3.3852,4.93671,4.808,4.065,128304.5,187.746,46.0,371.0,Dec 28 2021 12:55PM,Jan  3 2023  1:20PM,35.0605,-83.4305,201.94,0.01,0.99,55.79,0.22,4.94,7.94,0.6
NTN,NC30,Duke Forest,A,3/3/20,,Orange,NC,35.9709,-79.0933,174.0,North Carolina,S,Annual,2022.0,86.0,99.0,88.0,3.0876,1.89198,0.63925,7.4385,10.42272,6.62943,8.57584,6.18651,4.955,5.468,74262.1,124.219,40.0,371.0,Dec 28 2021  3:44PM,Jan  3 2023  4:26PM,35.9709,-79.0933,247.0,0.03,7.11,57.94,0.61,6.81,11.23,3.52
NTN,NC34,Piedmont Research Station,A,10/17/78,,Rowan,NC,35.697,-80.6225,219.0,North Carolina,R,Annual,2022.0,83.0,100.0,83.0,3.486,1.89198,1.96889,6.3945,15.63408,7.11333,7.30639,5.97821,3.177,5.282,65295.5,116.103,34.0,371.0,Dec 28 2021  2:00PM,Jan  3 2023  2:00PM,35.697,-80.6225,243.66,0.04,5.74,80.11,1.13,6.61,9.96,2.6
NTN,NC35,Clinton Crops Research Station,A,10/24/78,,Sampson,NC,35.0258,-78.2783,41.0,North Carolina,R,Annual,2022.0,90.0,100.0,92.0,3.2868,2.30328,1.15065,8.787,32.9868,7.67788,10.07097,6.64477,0.957,6.664,52480.8,86.429,38.0,371.0,Dec 28 2021  3:30PM,Jan  3 2023  4:15PM,35.0258,-78.2783,233.65,0.02,4.11,82.25,0.44,4.5,8.21,13.93
NTN,NC36,Jordan Creek,A,10/18/83,,Scotland,NC,34.9705,-79.5281,132.0,North Carolina,R,Annual,2022.0,96.0,99.0,98.0,2.7888,1.89198,0.63925,8.1345,14.1372,7.5811,9.19646,6.01987,3.846,5.852,72208.0,102.697,31.0,371.0,Dec 28 2021  8:15PM,Jan  3 2023  2:36PM,34.9705,-79.5281,223.64,0.01,2.04,92.98,0.5,5.14,8.67,6.08
NTN,NC41,Finley Farm,A,10/3/78,,Wake,NC,35.7283,-78.6789,120.0,North Carolina,U,Annual,2022.0,85.0,100.0,93.0,2.6892,2.0565,0.92052,7.047,15.13512,6.17779,8.12448,5.70742,3.055,5.026,71470.6,122.301,36.0,371.0,Dec 28 2021  4:00PM,Jan  3 2023  4:15PM,35.7283,-78.6789,257.02,0.03,9.17,62.23,0.72,6.34,10.54,3.48
NTN,NC45,Mt. Mitchell,A,11/26/85,,Yancey,NC,35.7353,-82.2861,1987.0,North Carolina,R,Annual,2022.0,79.0,100.0,92.0,1.992,0.57582,0.30684,1.7835,4.60152,3.58086,1.94649,3.68691,4.786,3.588,99949.1,174.473,36.0,371.0,Dec 28 2021  1:35PM,Jan  3 2023  2:36PM,35.7353,-82.2861,220.3,0.03,2.44,52.21,0.13,4.67,7.34,0.56
NTN,NH02,Hubbard Brook,A,7/25/78,,Grafton,NH,43.9433,-71.7029,250.0,New Hampshire,R,Annual,2022.0,84.0,99.0,89.0,2.3904,0.74034,0.5114,2.5665,7.04088,6.58104,2.79279,3.9577,5.715,4.399,67460.8,118.512,44.0,364.0,Jan  4 2022 10:30AM,Jan  3 2023  1:00PM,43.9433,-71.7029,220.3,0.0,1.54,90.84,0.03,0.5,0.55,0.18
NTN,NJ00,Edwin B. Forsythe National Wildlife Refuge,A,10/13/98,,Atlantic,NJ,39.4728,-74.4369,2.0,New Jersey,S,Annual,2022.0,59.0,100.0,62.0,-9.0,-9.0,-9.0,-9.0,-9.0,-9.0,-9.0,-9.0,-9.0,-9.0,44419.3,115.015,26.0,371.0,Dec 28 2021  4:45PM,Jan  3 2023  3:24PM,39.4728,-74.4369,287.06,0.02,13.88,64.37,1.55,8.38,10.04,1.09
NTN,NJ39,Cattus Island County Park,A,12/4/12,,Ocean,NJ,39.9894,-74.1344,1.0,New Jersey,U,Annual,2022.0,98.0,99.0,95.0,7.221,21.96342,2.32687,95.787,10.58904,7.66175,115.77384,16.4557,4.385,19.667,70114.2,116.129,48.0,371.0,Dec 28 2021  2:10PM,Jan  3 2023  4:40PM,39.9894,-74.1344,337.12,0.01,18.68,68.67,1.1,6.75,8.79,1.74
NTN,NJ99,Washington Crossing,A,8/4/81,,Mercer,NJ,40.3154,-74.8536,72.0,New Jersey,U,Annual,2022.0,96.0,99.0,100.0,3.5856,1.72746,0.7671,5.7855,12.30768,8.43599,6.93966,5.6241,3.673,4.921,88513.3,136.144,45.0,371.0,Dec 28 2021  3:50PM,Jan  3 2023  4:04PM,40.3154,-74.8536,270.37,0.02,10.63,65.8,0.54,4.61,7.06,1.69
NTN,NM07,Bandelier National Monument,A,6/22/82,,Los Alamos,NM,35.7788,-106.266,1997.0,New Mexico,R,Annual,2022.0,88.0,100.0,97.0,11.6034,1.15164,0.48583,1.1745,19.01592,12.33945,1.4105,5.91572,1.875,5.143,23626.0,36.754,28.0,371.0,Dec 28 2021  4:13PM,Jan  3 2023  8:07PM,35.7788,-106.266,166.89,0.02,0.17,163.08,0.21,4.64,30.08,0.31
NTN,NM08,Mayhill,A,1/24/84,,Otero,NM,32.9096,-105.471,2022.0,New Mexico,I,Annual,2022.0,75.0,99.0,79.0,17.0814,1.6452,0.46026,2.001,19.07136,13.12982,1.80544,7.85291,1.528,5.848,28876.1,57.277,22.0,371.0,Dec 28 2021  3:00PM,Jan  3 2023  3:00PM,32.9096,-105.471,171.9,0.03,0.22,104.43,0.11,7.7,47.97,0.55
NTN,NV05,Great Basin National Park-Lehman Caves,A,1/15/85,,White Pine,NV,39.0054,-114.217,2066.0,Nevada,I,Annual,2022.0,84.0,99.0,94.0,24.3024,3.78396,0.58811,2.871,17.07552,10.01673,2.48248,4.45762,1.276,6.342,14584.2,32.309,26.0,371.0,Dec 28 2021  9:35AM,Jan  3 2023  5:10PM,39.0054,-114.217,188.59,0.02,0.12,105.86,0.01,0.5,2.31,0.58
NTN,NY01,Alfred,A,8/17/04,,Allegany,NY,42.2276,-77.8016,697.0,New York,R,Annual,2022.0,84.0,99.0,96.0,4.3326,0.98712,0.33241,1.044,10.97712,8.37147,1.21303,5.18667,4.467,4.362,54383.9,86.843,45.0,371.0,Dec 28 2021  2:47PM,Jan  3 2023  1:33PM,42.2276,-77.8016,226.97,0.03,3.13,87.98,0.43,1.86,2.24,1.49
NTN,NY06,Bronx,A,1/22/13,,Bronx,NY,40.868,-73.8782,68.0,New York,U,Annual,2022.0,85.0,99.0,87.0,6.6732,4.77108,1.0228,18.792,19.90296,12.37171,22.08843,9.41516,2.958,8.173,76368.9,121.717,42.0,371.0,Dec 28 2021 12:15PM,Jan  3 2023 12:00PM,40.868,-73.8782,453.95,0.69,50.04,18.6,1.27,7.08,12.48,2.44
NTN,NY08,Aurora Research Farm,A,4/17/79,,Cayuga,NY,42.7339,-76.6597,249.0,New York,R,Annual,2022.0,82.0,100.0,87.0,6.225,1.2339,0.40912,1.566,20.79,8.61342,1.60797,6.62394,1.799,4.709,40164.1,77.457,39.0,364.0,Jan  4 2022 12:15PM,Jan  3 2023 12:15PM,42.7339,-76.6597,247.0,0.04,6.26,79.39,0.45,2.49,2.89,2.76
NTN,NY10,Chautauqua,A,6/10/80,,Chautauqua,NY,42.2994,-79.3964,488.0,New York,R,Annual,2022.0,94.0,100.0,100.0,6.8724,1.72746,0.5114,2.349,17.79624,12.5814,2.39785,8.9569,4.529,5.979,87613.8,135.853,49.0,371.0,Dec 28 2021  3:30PM,Jan  3 2023  6:15PM,42.2994,-79.3964,236.99,0.06,5.06,104.43,0.82,2.33,2.57,0.87
NTN,NY20,Huntington Wildlife,A,10/31/78,,Essex,NY,43.9731,-74.2231,500.0,New York,I,Annual,2022.0,92.0,99.0,98.0,2.8884,0.65808,0.23013,0.8265,7.7616,6.21005,0.93093,3.81189,4.365,3.598,74841.1,122.465,48.0,371.0,Dec 28 2021  4:40PM,Jan  3 2023  3:39PM,43.9731,-74.2231,211.95,0.0,0.75,90.84,0.09,0.66,0.71,0.24
NTN,NY22,Akwesasne Mohawk-Fort Covington,A,8/18/99,,Franklin,NY,44.9226,-74.4806,70.0,New York,R,Annual,2022.0,82.0,96.0,92.0,4.5816,1.2339,0.71596,1.3485,19.62576,9.5167,1.43871,6.33232,3.846,5.315,59907.7,105.913,44.0,371.0,Dec 28 2021  2:18PM,Jan  3 2023  2:35PM,44.9226,-74.4806,236.99,0.01,2.61,95.84,0.55,0.5,0.61,0.9
NTN,NY28,Piseco Lake,A,12/31/12,,Hamilton,NY,43.4336,-74.5002,519.0,New York,I,Annual,2022.0,89.0,99.0,95.0,4.6314,1.06938,0.28127,1.827,11.088,8.8715,1.94649,5.37414,4.989,4.695,83005.2,136.652,47.0,371.0,Dec 28 2021  3:53PM,Jan  3 2023  3:43PM,43.4336,-74.5002,206.95,0.0,0.44,92.98,0.04,0.5,0.53,0.18
NTN,NY43,Rochester,A,4/30/13,,Monroe,NY,43.1463,-77.5482,136.0,New York,U,Annual,2022.0,88.0,100.0,94.0,11.3544,3.20814,0.61368,21.5325,20.34648,11.32326,22.34232,7.74876,1.702,8.07,52988.7,84.154,45.0,371.0,Dec 28 2021  3:00PM,Jan  3 2023  3:00PM,43.1463,-77.5482,340.46,0.2,22.96,74.39,1.91,8.05,9.6,1.47
NTN,NY67,Ithaca,A,1/2/18,,Tompkins,NY,42.4014,-76.6589,503.0,New York,R,Annual,2022.0,77.0,98.0,84.0,4.9302,0.98712,0.33241,1.653,13.36104,9.54896,1.77723,5.99904,3.908,4.622,44299.3,80.888,39.0,371.0,Dec 28 2021  5:50PM,Jan  3 2023  2:00PM,42.4014,-76.6589,236.99,0.03,5.06,74.39,0.44,2.85,3.3,2.31
NTN,NY68,Biscuit Brook,A,10/11/83,,Ulster,NY,41.9936,-74.5031,634.0,New York,I,Annual,2022.0,86.0,99.0,95.0,3.4362,1.15164,0.43469,3.0015,10.03464,8.11339,3.41341,5.02003,4.335,4.425,101925.1,166.04,45.0,371.0,Dec 28 2021  3:59PM,Jan  3 2023 12:57PM,41.9936,-74.5031,233.65,0.0,1.54,103.0,0.6,4.83,5.05,0.79
NTN,NY92,Amherst,A,10/29/13,,Erie,NY,42.9931,-78.7717,183.0,New York,U,Annual,2022.0,94.0,100.0,94.0,12.8484,3.61944,0.66482,9.8745,22.34232,14.22666,10.49412,10.2067,2.529,7.58,63710.2,106.829,49.0,371.0,Dec 28 2021  1:00PM,Jan  3 2023  1:30PM,42.9931,-78.7717,400.54,0.78,38.73,46.49,2.06,9.23,10.98,5.32
NTN,NY93,Paul Smith's,A,1/1/13,12/31/23,Franklin,NY,44.434,-74.246,498.0,New York,R,Annual,2022.0,90.0,100.0,96.0,4.1832,0.98712,0.46026,1.4355,12.14136,8.56503,1.52334,5.16584,3.936,4.327,76863.4,134.302,47.0,371.0,Dec 28 2021  5:42PM,Jan  3 2023  7:00PM,44.434,-74.246,220.3,0.0,0.75,97.28,0.2,0.5,0.57,0.41
NTN,NY96,Cedar Beach-Southold,A,11/25/03,,Suffolk,NY,41.0347,-72.3891,1.0,New York,R,Annual,2022.0,85.0,100.0,91.0,6.972,19.49562,2.48029,85.521,9.20304,9.24249,102.65619,15.14341,6.026,18.581,61777.2,105.816,41.0,371.0,Dec 28 2021  2:00PM,Jan  3 2023  2:00PM,41.0347,-72.3891,310.42,0.01,16.79,83.69,0.75,4.75,5.91,0.83
NTN,NY98,Whiteface Mountain,A,7/3/84,,Essex,NY,44.3933,-73.8594,610.0,New York,I,Annual,2022.0,92.0,100.0,98.0,4.1832,0.8226,0.33241,1.131,10.2564,7.61336,1.26945,5.04086,4.457,4.285,83520.7,139.762,49.0,371.0,Dec 28 2021  1:05PM,Jan  3 2023  1:50PM,44.3933,-73.8594,213.62,0.0,0.98,90.84,0.03,0.5,0.56,0.34
NTN,NY99,West Point,A,9/13/83,,Orange,NY,41.3511,-74.0484,211.0,New York,S,Annual,2022.0,90.0,99.0,93.0,3.984,1.97424,1.04837,6.2205,11.69784,10.14577,6.96787,5.58244,5.164,5.633,73761.6,122.095,45.0,372.0,Dec 28 2021  2:57PM,Jan  4 2023  1:49PM,41.3511,-74.0484,247.0,0.01,5.91,87.26,0.24,2.34,2.92,0.91
NTN,OH17,Delaware,A,10/3/78,,Delaware,OH,40.3555,-83.0661,285.0,Ohio,R,Annual,2022.0,92.0,99.0,97.0,7.0218,1.89198,0.84381,2.001,17.07552,9.27475,2.05933,7.26967,3.639,5.409,67521.4,111.086,45.0,371.0,Dec 28 2021  3:24PM,Jan  3 2023  4:48PM,40.3555,-83.0661,243.66,0.06,4.11,103.0,1.24,7.67,8.76,3.29
NTN,OH49,Caldwell,A,9/26/78,,Noble,OH,39.7928,-81.5311,276.0,Ohio,R,Annual,2022.0,82.0,100.0,92.0,8.4162,1.80972,0.5114,2.436,15.96672,11.59747,2.48248,10.91492,6.152,6.625,81863.0,131.522,41.0,371.0,Dec 28 2021  1:00PM,Jan  3 2023  7:45PM,39.7928,-81.5311,250.34,0.03,3.3,87.26,0.59,10.63,11.5,2.01
NTN,OH71,Wooster,A,9/26/78,,Wayne,OH,40.7813,-81.9197,308.0,Ohio,R,Annual,2022.0,90.0,99.0,98.0,8.7648,2.22102,0.81824,2.61,22.28688,10.24255,2.36964,9.01939,2.28,5.795,68831.5,107.934,45.0,365.0,Jan  3 2022 10:15PM,Jan  3 2023  8:15PM,40.7813,-81.9197,240.33,0.06,4.84,105.86,1.54,4.05,5.03,2.66
NTN,OK00,Salt Plains National Wildlife Refuge,A,12/13/83,,Alfalfa,OK,36.7863,-98.18,344.0,Oklahoma,I,Annual,2022.0,82.0,100.0,93.0,36.105,3.45492,1.0228,6.3075,32.4324,16.95263,5.98052,16.18491,0.766,10.194,33558.4,56.286,25.0,371.0,Dec 28 2021  4:00PM,Jan  3 2023  2:00PM,36.7863,-98.18,210.29,0.02,1.91,81.54,0.29,7.05,12.03,1.79
NTN,OR10,H. J. Andrews Experimental Forest,A,5/13/80,,Lane,OR,44.2118,-122.256,443.0,Oregon,I,,,,,,,,,,,,,,,,,,,,,,44.2118,-122.256,216.96,0.03,0.69,91.55,0.22,0.57,0.95,0.14
NTN,OR18,Starkey Experimental Forest,A,3/6/84,,Union,OR,45.2247,-118.513,1254.0,Oregon,I,Annual,2022.0,90.0,100.0,94.0,2.1414,0.49356,0.40912,2.436,4.82328,3.83894,1.26945,2.20798,3.281,2.877,39281.3,66.446,35.0,371.0,Dec 28 2021  5:57PM,Jan  3 2023 10:10PM,45.2247,-118.513,201.94,0.06,0.43,104.43,0.19,1.34,1.74,0.63
NTN,OR97,Hyslop Farm,A,4/26/83,,Benton,OR,44.6347,-123.19,69.0,Oregon,S,Annual,2022.0,94.0,99.0,98.0,1.5936,2.22102,0.74153,9.744,5.544,1.87108,11.87641,2.68707,3.266,4.074,52695.5,88.91,36.0,370.0,Dec 29 2021  6:36PM,Jan  3 2023  6:07PM,44.6347,-123.19,223.64,0.02,0.55,98.71,0.21,0.58,1.65,0.21
NTN,PA00,Arendtsville,A,1/26/99,,Adams,PA,39.9231,-77.3078,269.0,Pennsylvania,R,Annual,2022.0,81.0,99.0,93.0,4.1334,1.2339,0.43469,3.306,17.07552,9.40379,3.78014,6.37398,3.273,4.985,65239.9,110.066,40.0,371.0,Dec 28 2021  9:10PM,Jan  3 2023  7:15PM,39.9231,-77.3078,270.37,0.03,7.8,78.68,1.71,9.03,10.29,4.62
NTN,PA13,Allegheny Portage Railroad National Historic Site,A,7/26/11,,Cambria,PA,40.457,-78.56,739.0,Pennsylvania,S,Annual,2022.0,91.0,99.0,98.0,6.6234,1.6452,0.79267,2.9145,13.63824,9.46831,3.35699,8.97773,4.56,5.455,87365.2,131.779,48.0,371.0,Dec 28 2021  9:15PM,Jan  3 2023 10:00PM,40.457,-78.56,220.3,0.01,2.04,90.12,0.63,3.93,4.31,0.97
NTN,PA15,Penn State,A,6/7/83,,Centre,PA,40.7883,-77.9458,393.0,Pennsylvania,S,Annual,2022.0,88.0,100.0,91.0,4.6812,1.2339,1.43192,1.7835,15.07968,8.88763,2.22859,6.10319,3.648,4.779,66200.2,108.279,46.0,371.0,Dec 28 2021  2:25PM,Jan  3 2023  4:40PM,40.7883,-77.9458,223.64,0.02,3.21,90.12,0.74,3.29,3.63,1.03
NTN,PA42,Leading Ridge,A,4/25/79,,Huntingdon,PA,40.6575,-77.9397,287.0,Pennsylvania,R,Annual,2022.0,88.0,100.0,96.0,5.7768,1.6452,0.94609,4.35,16.02216,11.06518,3.69551,7.12386,3.664,5.407,70668.6,105.262,43.0,364.0,Jan  3 2022 10:00AM,Jan  2 2023  8:40AM,40.6575,-77.9397,223.64,0.02,3.21,90.12,0.74,3.29,3.63,1.03
NTN,SC05,Cape Romain National Wildlife Refuge,A,11/21/00,,Charleston,SC,32.943,-79.6592,1.0,South Carolina,R,Annual,2022.0,90.0,99.0,87.0,4.6314,6.25176,1.07394,26.187,4.60152,7.19398,31.8773,9.35267,8.166,9.225,66561.1,110.681,42.0,371.0,Dec 28 2021  9:00PM,Jan  3 2023  3:05PM,32.943,-79.6592,267.03,0.01,4.41,131.61,2.33,13.96,16.55,1.27
NTN,TN04,Speedwell,A,1/26/99,,Claiborne,TN,36.4698,-83.8272,384.0,Tennessee,R,Annual,2022.0,81.0,98.0,97.0,4.3824,1.06938,0.5114,2.871,8.92584,7.11333,2.76458,5.8324,4.487,4.397,80883.8,131.47,37.0,371.0,Dec 28 2021  8:01PM,Jan  3 2023  7:43PM,36.4698,-83.8272,220.3,0.02,3.09,55.08,0.16,5.85,9.39,0.86
NTN,TN11,Great Smoky Mountains National Park-Elkmont,A,8/12/80,,Sevier,TN,35.6645,-83.5903,640.0,Tennessee,R,Annual,2022.0,86.0,99.0,92.0,5.2788,1.31616,0.84381,2.262,7.53984,6.72621,2.42606,5.81157,4.345,4.211,101336.2,163.271,41.0,371.0,Dec 28 2021  8:12PM,Jan  3 2023  7:25PM,35.6645,-83.5903,230.31,0.01,1.52,82.25,0.6,7.1,12.14,1.35
NTN,TN14,Hatchie National Wildlife Refuge,A,10/2/84,,Haywood,TN,35.4988,-89.2611,117.0,Tennessee,R,Annual,2022.0,84.0,99.0,90.0,7.47,1.80972,0.86938,4.959,12.08592,9.0328,5.3599,10.16504,4.898,5.854,93615.2,152.815,35.0,371.0,Dec 28 2021  2:30PM,Jan  3 2023  2:30PM,35.4988,-89.2611,223.64,0.05,3.09,82.25,0.16,5.35,10.19,0.88
NTN,TX16,Sonora,A,6/26/84,,Edwards,TX,30.2613,-100.5551,696.0,Texas,I,Annual,2022.0,77.0,92.0,87.0,31.0254,2.55006,0.79267,7.0905,20.40192,13.30725,7.10892,14.60183,2.037,8.489,20341.3,36.662,19.0,371.0,Dec 28 2021  8:04PM,Jan  3 2023  8:05PM,30.2613,-100.5551,213.62,0.03,0.43,64.37,0.32,3.42,6.83,0.92
NTN,TX22,Guadalupe Mountains National Park Frijole Ranger Station,A,6/5/84,,Culberson,TX,31.9069,-104.805,1705.0,Texas,I,Annual,2022.0,84.0,98.0,85.0,15.0894,1.56294,0.33241,1.6965,17.79624,11.67812,1.6926,9.10271,1.892,5.609,35603.0,59.544,18.0,371.0,Dec 28 2021  3:46PM,Jan  3 2023  2:50PM,31.9069,-104.805,193.6,0.05,0.5,118.73,0.2,36.89,267.97,0.5
NTN,TX43,Ca��nceta,A,7/24/07,,Randall,TX,34.88,-101.665,1057.0,Texas,I,Annual,2022.0,82.0,99.0,79.0,34.7106,3.45492,1.25293,3.5235,34.48368,17.0978,3.21594,15.01843,0.615,9.651,15309.2,32.029,17.0,371.0,Dec 28 2021  4:15PM,Jan  3 2023  3:55PM,34.88,-101.665,205.28,0.07,0.71,104.43,0.29,3.29,14.72,1.38
NTN,TX56,L.B.J. National Grasslands,A,9/20/83,,Wise,TX,33.3917,-97.6397,312.0,Texas,I,Annual,2022.0,90.0,99.0,92.0,18.7248,2.30328,0.69039,6.351,18.07344,11.32326,6.34725,12.76879,2.931,7.204,44805.8,75.362,23.0,371.0,Dec 28 2021  2:11PM,Jan  3 2023  3:30PM,33.3917,-97.6397,223.64,0.02,2.04,75.82,0.26,2.55,4.19,1.03
NTN,UT01,Logan,A,12/6/83,,Cache,UT,41.6661,-111.8914,1370.0,Utah,S,Annual,2022.0,84.0,98.0,93.0,50.547,8.55504,1.30407,37.5405,35.03808,10.51676,37.01152,8.9569,0.301,15.642,25741.8,47.015,32.0,371.0,Dec 28 2021  5:00PM,Jan  3 2023  4:40PM,41.6661,-111.8914,198.6,0.08,1.67,105.86,0.16,0.63,1.06,0.66
NTN,UT98,Green River,A,4/25/85,,Emery,UT,39.0001,-110.174,1256.0,Utah,I,Annual,2022.0,94.0,100.0,95.0,90.0384,15.13584,0.69039,4.002,30.27024,13.43629,2.5389,11.20654,0.592,15.462,8833.2,13.513,18.0,371.0,Dec 28 2021  5:23PM,Jan  3 2023  8:06PM,39.0001,-110.174,180.24,0.02,0.27,124.45,0.21,0.5,1.89,0.44
NTN,UT99,Bryce Canyon National Park-Repeater Hill,A,1/29/85,,Garfield,UT,37.6186,-112.1728,2477.0,Utah,I,Annual,2022.0,84.0,98.0,89.0,19.422,3.86622,0.81824,5.2635,12.25224,9.41992,3.1031,5.58244,1.972,5.65,15506.3,36.959,23.0,371.0,Dec 28 2021  8:00PM,Jan  3 2023  9:12PM,37.6186,-112.1728,170.23,0.02,0.13,108.72,0.03,0.5,1.61,0.52
NTN,VA00,Charlottesville,A,10/2/84,,Albemarle,VA,38.0402,-78.5427,172.0,Virginia,S,Annual,2022.0,86.0,99.0,94.0,3.8844,1.39842,0.53697,4.263,10.8108,8.67794,4.82391,5.79074,4.864,4.914,77479.7,124.955,43.0,371.0,Dec 28 2021  3:00PM,Jan  3 2023  3:30PM,38.0402,-78.5427,236.99,0.01,3.0,77.96,0.32,3.57,5.48,1.35
NTN,VA13,Blue Grass Trail,A,7/25/78,,Giles,VA,37.3232,-80.4572,652.0,Virginia,R,Annual,2022.0,92.0,99.0,99.0,2.9382,0.98712,0.63925,2.697,8.75952,5.91971,2.96205,4.9992,4.966,4.346,66172.5,114.443,43.0,371.0,Dec 28 2021  2:58PM,Jan  3 2023  4:07PM,37.3232,-80.4572,216.96,0.01,2.38,57.94,0.3,3.25,4.22,0.59
NTN,VA24,Prince Edward,A,1/26/99,,Prince Edward,VA,37.1652,-78.3073,150.0,Virginia,R,Annual,2022.0,75.0,98.0,81.0,2.7888,1.31616,0.58811,5.394,7.09632,6.7746,6.03694,4.54094,5.297,5.419,53638.2,106.09,30.0,371.0,Dec 28 2021  2:15PM,Jan  3 2023  1:30PM,37.1652,-78.3073,236.99,0.01,4.03,39.7,0.27,4.98,6.85,1.52
NTN,VA28,Shenandoah National Park-Big Meadows,A,5/12/81,,Madison,VA,38.5231,-78.4348,1072.0,Virginia,R,Annual,2022.0,82.0,99.0,87.0,3.4362,0.98712,0.43469,2.784,10.36728,7.04881,3.15952,5.4158,4.046,4.264,85280.7,149.073,38.0,371.0,Dec 28 2021  4:15PM,Jan  3 2023  8:30PM,38.5231,-78.4348,257.02,0.08,8.48,36.12,0.15,3.5,10.29,13.55
NTN,VA99,Natural Bridge Station,A,7/2/02,,Rockbridge,VA,37.6265,-79.5126,282.0,Virginia,R,Annual,2022.0,84.0,99.0,97.0,3.3864,1.15164,0.56254,3.2625,8.20512,6.59717,3.80835,4.95754,4.677,4.431,77143.6,123.952,39.0,371.0,Dec 28 2021  1:52PM,Jan  3 2023  1:57PM,37.6265,-79.5126,223.64,0.04,6.51,44.35,0.71,3.74,4.59,0.53
NTN,VT01,Bennington,A,4/28/81,,Bennington,VT,42.8761,-73.1633,305.0,Vermont,R,Annual,2022.0,79.0,99.0,91.0,5.6274,1.48068,0.63925,2.3055,11.47608,9.56509,2.51069,5.51995,4.335,4.826,69089.5,112.166,42.0,371.0,Dec 28 2021  2:15PM,Jan  3 2023  1:01PM,42.8761,-73.1633,230.31,0.01,3.09,87.26,0.14,1.17,1.37,0.76
NTN,VT99,Underhill,A,6/12/84,,Chittenden,VT,44.5283,-72.8684,399.0,Vermont,R,Annual,2022.0,92.0,99.0,96.0,4.2828,0.98712,0.46026,1.6965,10.92168,8.82311,1.86186,5.29082,4.508,4.492,88074.3,139.769,49.0,371.0,Dec 28 2021  4:42PM,Jan  3 2023  3:11PM,44.5283,-72.8684,247.0,0.01,5.66,86.55,0.15,1.17,1.43,0.96
NTN,WA24,Palouse Conservation Farm,A,8/20/85,,Whitman,WA,46.7606,-117.1847,766.0,Washington,R,Annual,2022.0,88.0,100.0,92.0,3.5358,0.8226,0.84381,1.6095,11.42064,5.33903,1.55155,2.56209,2.234,3.448,39515.2,68.453,33.0,371.0,Dec 28 2021  5:30PM,Jan  3 2023  5:30PM,46.7606,-117.1847,205.28,0.12,0.64,111.58,0.36,1.17,2.02,0.75
NTN,WA98,Columbia River Gorge,A,5/7/02,,Skamania,WA,45.5694,-122.21,233.0,Washington,R,Annual,2022.0,75.0,96.0,89.0,1.6434,1.89198,0.89495,9.135,6.32016,3.91959,10.46591,3.27031,3.289,4.122,73109.2,141.208,27.0,371.0,Dec 28 2021  6:03PM,Jan  3 2023  7:18PM,45.5694,-122.21,230.31,0.14,4.16,95.84,0.72,0.6,1.43,0.34
NTN,WI06,UW Arboretum,A,2/11/19,,Dane,WI,43.041,-89.428,265.0,Wisconsin,U,Annual,2022.0,84.0,99.0,94.0,16.3842,3.53718,0.86938,2.958,33.264,13.11369,2.90563,8.60279,1.227,7.618,59995.8,97.967,38.0,371.0,Dec 28 2021  4:14PM,Jan  3 2023  4:13PM,43.041,-89.428,267.03,0.48,8.57,77.25,0.84,4.18,5.21,5.57
NTN,WI10,Potawatomi,A,6/7/05,,Forest,WI,45.5648,-88.8083,570.0,Wisconsin,I,Annual,2022.0,88.0,100.0,91.0,11.1552,2.55006,0.61368,2.2185,27.33192,10.6458,1.72081,8.332,2.377,6.584,39657.5,84.889,40.0,371.0,Dec 28 2021  6:30PM,Jan  3 2023  5:00PM,45.5648,-88.8083,213.62,0.07,1.37,80.11,0.07,0.5,0.55,0.13
NTN,WI31,Devil's Lake,A,1/7/14,,Sauk,WI,43.4352,-89.6801,389.0,Wisconsin,R,Annual,2022.0,79.0,99.0,88.0,13.9938,2.8791,0.61368,1.6965,31.43448,13.2266,1.74902,8.60279,1.117,6.886,61439.2,104.705,35.0,371.0,Dec 28 2021  4:06PM,Jan  3 2023 10:30PM,43.4352,-89.6801,260.35,0.65,10.11,74.39,0.05,1.3,1.84,2.69
NTN,WI35,Perkinstown,A,1/26/99,,Taylor,WI,45.2064,-90.5978,472.0,Wisconsin,I,Annual,2022.0,83.0,100.0,88.0,16.185,3.20814,0.7671,2.001,35.92512,12.53301,1.80544,8.39449,0.859,7.618,51685.2,94.343,37.0,371.0,Dec 28 2021  1:20PM,Jan  3 2023  2:00PM,45.2064,-90.5978,216.96,0.05,1.3,98.71,0.08,0.5,0.56,0.26
NTN,WI36,Trout Lake,A,1/22/80,,Vilas,WI,46.0512,-89.6541,509.0,Wisconsin,I,Annual,2022.0,86.0,100.0,89.0,14.0436,2.8791,0.81824,1.653,27.33192,11.54908,1.60797,6.62394,1.189,6.394,50860.3,87.456,40.0,363.0,Jan  4 2022  2:35PM,Jan  2 2023  6:10PM,46.0512,-89.6541,216.96,0.06,1.19,74.39,0.06,0.5,0.52,0.11
NTN,WI37,Spooner,A,6/3/80,,Washburn,WI,45.8228,-91.8744,331.0,Wisconsin,R,Annual,2022.0,82.0,99.0,86.0,21.8124,4.60656,0.71596,2.436,38.41992,13.75889,2.31322,7.74876,0.893,8.665,44871.1,78.411,40.0,371.0,Dec 28 2021  2:17PM,Jan  3 2023  4:45PM,45.8228,-91.8744,216.96,0.03,0.92,104.43,0.04,0.5,0.67,0.19
NTN,WV04,Babcock State Park,A,9/6/83,,Fayette,WV,37.9796,-80.9525,753.0,West Virginia,R,Annual,2022.0,86.0,100.0,92.0,4.5318,0.90486,0.53697,1.218,9.03672,7.93596,1.43871,6.20734,5.105,4.549,99568.9,162.916,45.0,371.0,Dec 28 2021  1:45PM,Jan  3 2023  1:50PM,37.9796,-80.9525,216.96,0.04,3.38,53.64,0.27,3.78,4.72,0.28
NTN,WV18,Parsons,A,7/5/78,,Tucker,WV,39.0897,-79.6622,505.0,West Virginia,I,Annual,2022.0,100.0,100.0,100.0,5.8764,1.15164,0.56254,1.305,10.2564,7.87144,1.57976,7.39465,4.742,4.734,82193.4,133.909,51.0,371.0,Dec 28 2021 12:00PM,Jan  3 2023 12:00PM,39.0897,-79.6622,223.64,0.01,1.91,80.82,1.65,6.33,6.76,0.29
NTN,WY00,Snowy Range,A,4/22/86,,Albany,WY,41.3762,-106.26,3269.0,Wyoming,I,Annual,2022.0,77.0,98.0,85.0,8.6652,1.72746,0.33241,1.6095,9.25848,6.69395,1.21303,4.66592,2.729,4.024,17834.5,94.784,37.0,371.0,Dec 28 2021  6:42PM,Jan  3 2023  5:55PM,41.3762,-106.26,168.56,0.03,0.51,100.14,0.1,1.61,4.31,0.72
NTN,WY02,Sinks Canyon,A,8/21/84,,Fremont,WY,42.7336,-108.8498,2164.0,Wyoming,I,Annual,2022.0,81.0,100.0,82.0,6.6732,1.15164,0.2557,1.0005,11.42064,5.11321,0.90272,3.52027,2.223,3.64,20781.9,50.688,32.0,365.0,Jan  4 2022  6:15PM,Jan  4 2023  9:45PM,42.7336,-108.8498,170.23,0.06,0.63,100.14,0.1,1.74,4.6,2.79
NTN,WY06,Pinedale,A,1/26/82,,Sublette,WY,42.929,-109.7875,2388.0,Wyoming,I,Annual,2022.0,82.0,99.0,94.0,15.4878,2.79684,0.58811,3.219,16.57656,9.82317,2.70816,6.60311,2.735,5.785,12716.7,35.663,36.0,371.0,Dec 28 2021  7:00PM,Jan  3 2023  4:55PM,42.929,-109.7875,180.24,0.12,1.14,82.97,0.25,1.47,3.12,1.58
NTN,WY94,Grand Tetons National Park,A,9/27/11,,Teton,WY,43.8333,-110.7008,2105.0,Wyoming,I,Annual,2022.0,78.0,98.0,83.0,12.4002,2.22102,2.65928,5.0025,13.97088,7.33915,4.25971,4.41596,1.936,5.333,25556.2,49.722,33.0,364.0,Jan  4 2022  4:30PM,Jan  3 2023  4:30PM,43.8333,-110.7008,176.91,0.03,0.3,87.26,0.03,0.52,0.65,0.19
NTN,WY95,Brooklyn Lake,A,9/22/92,,Albany,WY,41.3647,-106.2408,3181.0,Wyoming,I,Annual,2022.0,84.0,100.0,88.0,10.8564,1.97424,0.46026,2.5665,8.64864,5.62937,1.29766,4.35347,2.754,4.237,27298.4,98.996,43.0,371.0,Dec 28 2021  9:03PM,Jan  3 2023  7:01PM,41.3647,-106.2408,168.56,0.03,0.51,100.14,0.1,1.61,4.31,0.72
NTN,WY97,South Pass City,A,4/30/85,,Fremont,WY,42.4944,-108.832,2524.0,Wyoming,I,Annual,2022.0,83.0,99.0,87.0,11.2548,1.72746,0.35798,1.7835,9.31392,5.79067,1.10019,4.02019,2.291,4.02,14670.6,44.252,33.0,359.0,Jan  3 2022  9:00PM,Dec 28 2022  5:15PM,42.4944,-108.832,161.89,0.02,0.26,89.41,0.25,2.52,8.34,1.38
